1,2,Taste,PepName,3,4
Sensory peptide/amino acid data ,2 ,Bitter peptide ,RR ,330.3760 ,330.2020 
Sensory peptide/amino acid data ,3 ,Bitter peptide ,RRR ,486.5640 ,486.3030 
Sensory peptide/amino acid data ,5 ,Bitter peptide ,PP ,212.2340 ,212.1040 
Sensory peptide/amino acid data ,6 ,Bitter peptide ,PPP ,309.3510 ,309.1560 
Sensory peptide/amino acid data ,8 ,Bitter peptide ,RG ,231.2400 ,231.1220 
Sensory peptide/amino acid data ,9 ,Bitter peptide ,FF ,312.3540 ,312.1360 
Sensory peptide/amino acid data ,10 ,Bitter peptide ,FFF ,459.5310 ,459.2040 
Sensory peptide/amino acid data ,11 ,Bitter peptide ,RP ,271.3050 ,271.1530 
Sensory peptide/amino acid data ,12 ,Bitter peptide ,PR ,271.3050 ,271.1530 
Sensory peptide/amino acid data ,13 ,Bitter peptide ,RF ,321.3650 ,321.1690 
Sensory peptide/amino acid data ,14 ,Bitter peptide ,KP ,243.2910 ,243.1460 
Sensory peptide/amino acid data ,15 ,Bitter peptide ,PK ,243.2910 ,243.1460 
Sensory peptide/amino acid data ,16 ,Bitter peptide ,GR ,231.2400 ,231.1220 
Sensory peptide/amino acid data ,17 ,Bitter peptide ,GP ,172.1690 ,172.0730 
Sensory peptide/amino acid data ,18 ,Bitter peptide ,FG ,222.2290 ,222.0890 
Sensory peptide/amino acid data ,19 ,Bitter peptide ,GF ,222.2290 ,222.0890 
Sensory peptide/amino acid data ,20 ,Bitter peptide ,FGG ,279.2810 ,279.1100 
Sensory peptide/amino acid data ,21 ,Bitter peptide ,GFG ,279.2810 ,279.1100 
Sensory peptide/amino acid data ,22 ,Bitter peptide ,GGF ,279.2810 ,279.1100 
Sensory peptide/amino acid data ,23 ,Bitter peptide ,FFG ,369.4060 ,369.1570 
Sensory peptide/amino acid data ,24 ,Bitter peptide ,FGF ,369.4060 ,369.1570 
Sensory peptide/amino acid data ,25 ,Bitter peptide ,GFF ,369.4060 ,369.1570 
Sensory peptide/amino acid data ,26 ,Bitter peptide ,RGP ,328.3570 ,328.1740 
Sensory peptide/amino acid data ,27 ,Bitter peptide ,PGR ,328.3570 ,328.1740 
Sensory peptide/amino acid data ,28 ,Bitter peptide ,RPG ,328.3570 ,328.1740 
Sensory peptide/amino acid data ,29 ,Bitter peptide ,GRP ,328.3570 ,328.1740 
Sensory peptide/amino acid data ,30 ,Bitter peptide ,RPF ,418.4820 ,418.2210 
Sensory peptide/amino acid data ,31 ,Bitter peptide ,YG ,238.2220 ,238.0840 
Sensory peptide/amino acid data ,32 ,Bitter peptide ,GY ,238.2220 ,238.0840 
Sensory peptide/amino acid data ,33 ,Bitter peptide ,YY ,344.3400 ,344.1260 
Sensory peptide/amino acid data ,34 ,Bitter peptide ,YGG ,295.2740 ,295.1050 
Sensory peptide/amino acid data ,35 ,Bitter peptide ,GYG ,295.2740 ,295.1050 
Sensory peptide/amino acid data ,36 ,Bitter peptide ,GGY ,295.2740 ,295.1050 
Sensory peptide/amino acid data ,37 ,Bitter peptide ,YYG ,401.3920 ,401.1470 
Sensory peptide/amino acid data ,38 ,Bitter peptide ,YGY ,401.3920 ,401.1470 
Sensory peptide/amino acid data ,39 ,Bitter peptide ,GYY ,401.3920 ,401.1470 
Sensory peptide/amino acid data ,40 ,Bitter peptide ,YYY ,507.5100 ,507.1890 
Sensory peptide/amino acid data ,41 ,Bitter peptide ,FV ,264.3100 ,264.1360 
Sensory peptide/amino acid data ,42 ,Bitter peptide ,FL ,278.3370 ,278.1520 
Sensory peptide/amino acid data ,43 ,Bitter peptide ,FI ,278.3370 ,278.1520 
Sensory peptide/amino acid data ,44 ,Bitter peptide ,FIV ,377.4700 ,377.2200 
Sensory peptide/amino acid data ,45 ,Bitter peptide ,FP ,262.2940 ,262.1200 
Sensory peptide/amino acid data ,46 ,Bitter peptide ,FPP ,359.4110 ,359.1720 
Sensory peptide/amino acid data ,47 ,Bitter peptide ,FPK ,390.4680 ,390.2140 
Sensory peptide/amino acid data ,48 ,Bitter peptide ,FPF ,409.4710 ,409.1880 
Sensory peptide/amino acid data ,49 ,Bitter peptide ,FFPP ,506.5880 ,506.2400 
Sensory peptide/amino acid data ,50 ,Bitter peptide ,AF ,236.2560 ,236.1050 
Sensory peptide/amino acid data ,51 ,Bitter peptide ,VF ,264.3100 ,264.1360 
Sensory peptide/amino acid data ,52 ,Bitter peptide ,LF ,278.3370 ,278.1520 
Sensory peptide/amino acid data ,53 ,Bitter peptide ,IF ,278.3370 ,278.1520 
Sensory peptide/amino acid data ,54 ,Bitter peptide ,YF ,328.3470 ,328.1310 
Sensory peptide/amino acid data ,55 ,Bitter peptide ,PF ,262.2940 ,262.1200 
Sensory peptide/amino acid data ,56 ,Bitter peptide ,KF ,293.3510 ,293.1620 
Sensory peptide/amino acid data ,57 ,Bitter peptide ,VIF ,377.4700 ,377.2200 
Sensory peptide/amino acid data ,58 ,Bitter peptide ,KPF ,390.4680 ,390.2140 
Sensory peptide/amino acid data ,59 ,Bitter peptide ,PPF ,359.4110 ,359.1720 
Sensory peptide/amino acid data ,60 ,Bitter peptide ,RPFF ,565.6590 ,565.2890 
Sensory peptide/amino acid data ,61 ,Bitter peptide ,RRPFF ,721.8470 ,721.3900 
Sensory peptide/amino acid data ,62 ,Bitter peptide ,KPK ,371.4650 ,371.2400 
Sensory peptide/amino acid data ,63 ,Bitter peptide ,PPG ,269.2860 ,269.1250 
Sensory peptide/amino acid data ,64 ,Bitter peptide ,PGG ,229.2210 ,229.0940 
Sensory peptide/amino acid data ,65 ,Bitter peptide ,PGP ,269.2860 ,269.1250 
Sensory peptide/amino acid data ,66 ,Bitter peptide ,GPG ,229.2210 ,229.0940 
Sensory peptide/amino acid data ,67 ,Bitter peptide ,GGP ,229.2210 ,229.0940 
Sensory peptide/amino acid data ,68 ,Bitter peptide ,GPPF ,416.4630 ,416.1930 
Sensory peptide/amino acid data ,69 ,Bitter peptide ,PFP ,359.4110 ,359.1720 
Sensory peptide/amino acid data ,70 ,Bitter peptide ,PFPP ,456.5280 ,456.2240 
Sensory peptide/amino acid data ,71 ,Bitter peptide ,YP ,278.2870 ,278.1150 
Sensory peptide/amino acid data ,72 ,Bitter peptide ,VYP ,377.4200 ,377.1830 
Sensory peptide/amino acid data ,73 ,Bitter peptide ,YPF ,425.4640 ,425.1830 
Sensory peptide/amino acid data ,74 ,Bitter peptide ,PGI ,285.3290 ,285.1570 
Sensory peptide/amino acid data ,75 ,Bitter peptide ,RRPPFF ,818.9640 ,818.4420 
Sensory peptide/amino acid data ,76 ,Bitter peptide ,RPPPFFF ,907.0700 ,906.4610 
Sensory peptide/amino acid data ,77 ,Bitter peptide ,RRPPPFFF ,1063.2580 ,1062.5620 
Sensory peptide/amino acid data ,78 ,Bitter peptide ,RGPPFIV ,784.9440 ,784.4460 
Sensory peptide/amino acid data ,79 ,Bitter peptide ,VYPFPPGINH ,1140.2890 ,1139.5609 
Sensory peptide/amino acid data ,80 ,Bitter peptide ,GGFF ,426.4580 ,426.1780 
Sensory peptide/amino acid data ,81 ,Bitter peptide ,FFGG ,426.4580 ,426.1780 
Sensory peptide/amino acid data ,82 ,Bitter peptide ,GGFFGG ,540.5620 ,540.2200 
Sensory peptide/amino acid data ,83 ,Bitter peptide ,VVV ,315.3990 ,315.2040 
Sensory peptide/amino acid data ,84 ,Bitter peptide ,GGVVV ,429.5030 ,429.2460 
Sensory peptide/amino acid data ,85 ,Bitter peptide ,RRPP ,524.6100 ,524.3060 
Sensory peptide/amino acid data ,86 ,Bitter peptide ,GGRPFF ,679.7630 ,679.3310 
Sensory peptide/amino acid data ,87 ,Bitter peptide ,RPFFGG ,679.7630 ,679.3310 
Sensory peptide/amino acid data ,88 ,Bitter peptide ,GGRPFFGG ,793.8670 ,793.3730 
Sensory peptide/amino acid data ,89 ,Bitter peptide ,FFPG ,466.5230 ,466.2090 
Sensory peptide/amino acid data ,90 ,Bitter peptide ,FFPGG ,523.5750 ,523.2300 
Sensory peptide/amino acid data ,91 ,Bitter peptide ,FFPE ,538.5870 ,538.2300 
Sensory peptide/amino acid data ,92 ,Bitter peptide ,PFPGPIP ,723.8570 ,723.3810 
Sensory peptide/amino acid data ,93 ,Bitter peptide ,FGFG ,426.4580 ,426.1780 
Sensory peptide/amino acid data ,94 ,Bitter peptide ,FGGF ,426.4580 ,426.1780 
Sensory peptide/amino acid data ,95 ,Bitter peptide ,RPFFRPFF ,1113.3180 ,1112.5780 
Sensory peptide/amino acid data ,96 ,Bitter peptide ,RPFFRPFFRPFF ,1660.9770 ,1659.8670 
Sensory peptide/amino acid data ,97 ,Bitter peptide ,DLL ,359.4090 ,359.1949 
Sensory peptide/amino acid data ,98 ,Bitter peptide ,RGPPFIVRGPPFIV ,1551.8880 ,1550.8920 
Sensory peptide/amino acid data ,99 ,Bitter peptide ,RGPFPIIV ,898.1040 ,897.5300 
Sensory peptide/amino acid data ,100 ,Bitter peptide ,PVRGPFPIIV ,1094.3540 ,1093.6500 
Sensory peptide/amino acid data ,101 ,Bitter peptide ,PVLGPVRGPFPIIV ,1460.8160 ,1459.8750 
Sensory peptide/amino acid data ,102 ,Bitter peptide ,VYPFPPIGNH ,1140.2890 ,1139.5609 
Sensory peptide/amino acid data ,103 ,Bitter peptide ,VY ,280.3030 ,280.1310 
Sensory peptide/amino acid data ,104 ,Bitter peptide ,VYPF ,524.5970 ,524.2510 
Sensory peptide/amino acid data ,106 ,Bitter peptide ,GV ,174.1850 ,174.0890 
Sensory peptide/amino acid data ,107 ,Bitter peptide ,GGV ,231.2370 ,231.1100 
Sensory peptide/amino acid data ,108 ,Bitter peptide ,GVV ,273.3180 ,273.1570 
Sensory peptide/amino acid data ,109 ,Bitter peptide ,VIPFPGR ,784.9440 ,784.4460 
Sensory peptide/amino acid data ,110 ,Bitter peptide ,VL ,230.2930 ,230.1520 
Sensory peptide/amino acid data ,111 ,Bitter peptide ,VI ,230.2930 ,230.1520 
Sensory peptide/amino acid data ,112 ,Bitter peptide ,VYPFPPG ,775.8830 ,775.3760 
Sensory peptide/amino acid data ,113 ,Bitter peptide ,VYPFPPGI ,889.0430 ,888.4600 
Sensory peptide/amino acid data ,114 ,Bitter peptide ,VE ,246.2490 ,246.1100 
Sensory peptide/amino acid data ,115 ,Bitter peptide ,IV ,230.2930 ,230.1520 
Sensory peptide/amino acid data ,116 ,Bitter peptide ,VYPFPPGIGG ,1003.1470 ,1002.5020 
Sensory peptide/amino acid data ,117 ,Bitter peptide ,VYPFGGGINH ,1060.1590 ,1059.4989 
Sensory peptide/amino acid data ,118 ,Bitter peptide ,RGPPFI ,685.8110 ,685.3780 
Sensory peptide/amino acid data ,119 ,Bitter peptide ,RGPPF ,572.6510 ,572.2940 
Sensory peptide/amino acid data ,120 ,Bitter peptide ,RGPPGF ,629.7030 ,629.3150 
Sensory peptide/amino acid data ,121 ,Bitter peptide ,EGG ,261.2200 ,261.0840 
Sensory peptide/amino acid data ,122 ,Bitter peptide ,RRPPGF ,728.8390 ,728.3950 
Sensory peptide/amino acid data ,123 ,Bitter peptide ,PFIV ,474.5870 ,474.2720 
Sensory peptide/amino acid data ,124 ,Bitter peptide ,PPFIV ,571.7040 ,571.3240 
Sensory peptide/amino acid data ,125 ,Bitter peptide ,GPPFIV ,628.7560 ,628.3450 
Sensory peptide/amino acid data ,126 ,Bitter peptide ,RPPFIV ,727.8920 ,727.4250 
Sensory peptide/amino acid data ,127 ,Bitter peptide ,RGPFIV ,687.8270 ,687.3940 
Sensory peptide/amino acid data ,128 ,Bitter peptide ,RGGFIV ,647.7620 ,647.3630 
Sensory peptide/amino acid data ,129 ,Bitter peptide ,VIFPPGR ,784.9440 ,784.4460 
Sensory peptide/amino acid data ,130 ,Bitter peptide ,VIFPPG ,628.7560 ,628.3450 
Sensory peptide/amino acid data ,131 ,Bitter peptide ,LE ,260.2760 ,260.1260 
Sensory peptide/amino acid data ,132 ,Bitter peptide ,RGPPFIVGG ,899.0480 ,898.4880 
Sensory peptide/amino acid data ,133 ,Bitter peptide ,GGRGPPFIVGG ,1013.1520 ,1012.5300 
Sensory peptide/amino acid data ,134 ,Bitter peptide ,VD ,232.2220 ,232.0949 
Sensory peptide/amino acid data ,135 ,Bitter peptide ,PGPIP ,479.5630 ,479.2610 
Sensory peptide/amino acid data ,136 ,Bitter peptide ,YPFPGPI ,789.9100 ,789.3920 
Sensory peptide/amino acid data ,137 ,Bitter peptide ,GE ,204.1680 ,204.0630 
Sensory peptide/amino acid data ,138 ,Bitter peptide ,RGPPGGV ,638.7110 ,638.3360 
Sensory peptide/amino acid data ,139 ,Bitter peptide ,RGPPGIG ,652.7380 ,652.3520 
Sensory peptide/amino acid data ,140 ,Bitter peptide ,RGPPFGG ,686.7550 ,686.3360 
Sensory peptide/amino acid data ,141 ,Bitter peptide ,RGPPGFG ,686.7550 ,686.3360 
Sensory peptide/amino acid data ,142 ,Bitter peptide ,RGPPGGF ,686.7550 ,686.3360 
Sensory peptide/amino acid data ,143 ,Bitter peptide ,RGPPFF ,719.8280 ,719.3620 
Sensory peptide/amino acid data ,144 ,Bitter peptide ,RGPPGFF ,776.8800 ,776.3830 
Sensory peptide/amino acid data ,145 ,Bitter peptide ,AD ,204.1680 ,204.0639 
Sensory peptide/amino acid data ,146 ,Bitter peptide ,RGPPGGFF ,833.9320 ,833.4040 
Sensory peptide/amino acid data ,147 ,Bitter peptide ,RGPPGGGFF ,890.9840 ,890.4250 
Sensory peptide/amino acid data ,148 ,Bitter peptide ,RGPPFFF ,867.0050 ,866.4300 
Sensory peptide/amino acid data ,149 ,Bitter peptide ,GPFF ,466.5230 ,466.2090 
Sensory peptide/amino acid data ,150 ,Bitter peptide ,RGFF ,525.5940 ,525.2580 
Sensory peptide/amino acid data ,151 ,Bitter peptide ,RPGF ,475.5340 ,475.2420 
Sensory peptide/amino acid data ,152 ,Bitter peptide ,RPFG ,475.5340 ,475.2420 
Sensory peptide/amino acid data ,153 ,Bitter peptide ,FFPR ,565.6590 ,565.2890 
Sensory peptide/amino acid data ,154 ,Bitter peptide ,RPGFF ,622.7110 ,622.3100 
Sensory peptide/amino acid data ,155 ,Bitter peptide ,RPGGFF ,679.7630 ,679.3310 
Sensory peptide/amino acid data ,156 ,Bitter peptide ,FFRPFFRPFF ,1407.6720 ,1406.7140 
Sensory peptide/amino acid data ,157 ,Bitter peptide ,LD ,246.2490 ,246.1109 
Sensory peptide/amino acid data ,158 ,Bitter peptide ,ELL ,373.4360 ,373.2100 
Sensory peptide/amino acid data ,159 ,Bitter peptide ,GGRGPPFIV ,899.0480 ,898.4880 
Sensory peptide/amino acid data ,160 ,Bitter peptide ,LL ,244.3200 ,244.1680 
Sensory peptide/amino acid data ,161 ,Bitter peptide ,LG ,188.2120 ,188.1050 
Sensory peptide/amino acid data ,162 ,Bitter peptide ,GL ,188.2120 ,188.1050 
Sensory peptide/amino acid data ,163 ,Bitter peptide ,II ,244.3200 ,244.1680 
Sensory peptide/amino acid data ,164 ,Bitter peptide ,IG ,188.2120 ,188.1050 
Sensory peptide/amino acid data ,165 ,Bitter peptide ,GI ,188.2120 ,188.1050 
Sensory peptide/amino acid data ,166 ,Bitter peptide ,RGPKPIIV ,879.1010 ,878.5560 
Sensory peptide/amino acid data ,167 ,Bitter peptide ,RGPGPIIV ,807.9790 ,807.4830 
Sensory peptide/amino acid data ,168 ,Bitter peptide ,RGPPFIIV ,898.1040 ,897.5300 
Sensory peptide/amino acid data ,169 ,Bitter peptide ,KPPFIV ,699.8780 ,699.4180 
Sensory peptide/amino acid data ,170 ,Bitter peptide ,FPPFIV ,718.8810 ,718.3920 
Sensory peptide/amino acid data ,171 ,Bitter peptide ,PIP ,325.3940 ,325.1880 
Sensory peptide/amino acid data ,173 ,Bitter peptide ,LLL ,357.4800 ,357.2520 
Sensory peptide/amino acid data ,174 ,Bitter peptide ,LLLL ,470.6400 ,470.3360 
Sensory peptide/amino acid data ,175 ,Bitter peptide ,LGG ,245.2640 ,245.1260 
Sensory peptide/amino acid data ,176 ,Bitter peptide ,GLG ,245.2640 ,245.1260 
Sensory peptide/amino acid data ,177 ,Bitter peptide ,LLG ,301.3720 ,301.1890 
Sensory peptide/amino acid data ,178 ,Bitter peptide ,LGL ,301.3720 ,301.1890 
Sensory peptide/amino acid data ,179 ,Bitter peptide ,GLL ,301.3720 ,301.1890 
Sensory peptide/amino acid data ,180 ,Bitter peptide ,GGL ,245.2640 ,245.1260 
Sensory peptide/amino acid data ,181 ,Bitter peptide ,LGGG ,302.3160 ,302.1470 
Sensory peptide/amino acid data ,182 ,Bitter peptide ,GLGG ,302.3160 ,302.1470 
Sensory peptide/amino acid data ,183 ,Bitter peptide ,GGLG ,302.3160 ,302.1470 
Sensory peptide/amino acid data ,184 ,Bitter peptide ,GGGL ,302.3160 ,302.1470 
Sensory peptide/amino acid data ,185 ,Bitter peptide ,LGGGG ,359.3680 ,359.1680 
Sensory peptide/amino acid data ,186 ,Bitter peptide ,GLGGG ,359.3680 ,359.1680 
Sensory peptide/amino acid data ,187 ,Bitter peptide ,GGLGG ,359.3680 ,359.1680 
Sensory peptide/amino acid data ,188 ,Bitter peptide ,GGGLG ,359.3680 ,359.1680 
Sensory peptide/amino acid data ,189 ,Bitter peptide ,GGGGL ,359.3680 ,359.1680 
Sensory peptide/amino acid data ,190 ,Bitter peptide ,LV ,230.2930 ,230.1520 
Sensory peptide/amino acid data ,191 ,Bitter peptide ,LI ,244.3200 ,244.1680 
Sensory peptide/amino acid data ,192 ,Bitter peptide ,RGPEPIIV ,880.0430 ,879.5040 
Sensory peptide/amino acid data ,193 ,Bitter peptide ,PGPGPG ,480.5070 ,480.2190 
Sensory peptide/amino acid data ,194 ,Bitter peptide ,IL ,244.3200 ,244.1680 
Sensory peptide/amino acid data ,195 ,Bitter peptide ,PFPIIV ,684.8640 ,684.4080 
Sensory peptide/amino acid data ,196 ,Bitter peptide ,PVLGPV ,580.7120 ,580.3450 
Sensory peptide/amino acid data ,197 ,Bitter peptide ,VIIPFPGR ,898.1040 ,897.5300 
Sensory peptide/amino acid data ,198 ,Bitter peptide ,VIIPFPG ,741.9160 ,741.4290 
Sensory peptide/amino acid data ,199 ,Bitter peptide ,RGPFPIV ,784.9440 ,784.4460 
Sensory peptide/amino acid data ,200 ,Bitter peptide ,PFPGPI ,626.7400 ,626.3290 
Sensory peptide/amino acid data ,221 ,Bitter peptide ,YQEPVLGPVRGPFPIIV ,1881.2330 ,1880.0380 
Sensory peptide/amino acid data ,230 ,Bitter peptide ,DA ,204.1680 ,204.0639 
Sensory peptide/amino acid data ,231 ,Bitter peptide ,DL ,246.2490 ,246.1109 
Sensory peptide/amino acid data ,232 ,Bitter peptide ,EG ,204.1680 ,204.0630 
Sensory peptide/amino acid data ,233 ,Bitter peptide ,EL ,260.2760 ,260.1260 
Sensory peptide/amino acid data ,238 ,Sour peptide ,DD ,248.1780 ,248.0538 
Sensory peptide/amino acid data ,239 ,Umami peptide ,DD ,248.1780 ,248.0538 
Sensory peptide/amino acid data ,240 ,Salty peptide ,DD ,248.1780 ,248.0538 
Sensory peptide/amino acid data ,241 ,Sweet peptide ,AA ,160.1580 ,160.0740 
Sensory peptide/amino acid data ,242 ,Sour peptide ,DE ,262.2050 ,262.0689 
Sensory peptide/amino acid data ,243 ,Sour peptide ,ED ,262.2050 ,262.0689 
Sensory peptide/amino acid data ,244 ,Umami peptide ,ED ,262.2050 ,262.0689 
Sensory peptide/amino acid data ,245 ,Salty peptide ,ED ,262.2050 ,262.0689 
Sensory peptide/amino acid data ,246 ,Umami peptide ,DE ,262.2050 ,262.0689 
Sensory peptide/amino acid data ,247 ,Salty peptide ,DE ,262.2050 ,262.0689 
Sensory peptide/amino acid data ,248 ,Umami peptide ,EE ,276.2320 ,276.0840 
Sensory peptide/amino acid data ,249 ,Salty peptide ,EE ,276.2320 ,276.0840 
Sensory peptide/amino acid data ,250 ,Sweet peptide ,AGG ,203.1830 ,203.0790 
Sensory peptide/amino acid data ,251 ,Sweet peptide ,GAG ,203.1830 ,203.0790 
Sensory peptide/amino acid data ,252 ,Sweet peptide ,GGA ,203.1830 ,203.0790 
Sensory peptide/amino acid data ,253 ,Sweet peptide ,AAG ,217.2100 ,217.0950 
Sensory peptide/amino acid data ,254 ,Sweet peptide ,AGA ,217.2100 ,217.0950 
Sensory peptide/amino acid data ,255 ,Sweet peptide ,GAA ,217.2100 ,217.0950 
Sensory peptide/amino acid data ,256 ,Sweet peptide ,AAA ,231.2370 ,231.1110 
Sensory peptide/amino acid data ,258 ,Umami peptide ,VG ,174.1850 ,174.0890 
Sensory peptide/amino acid data ,259 ,Umami peptide ,VV ,216.2660 ,216.1360 
Sensory peptide/amino acid data ,260 ,Umami peptide ,VGG ,231.2370 ,231.1100 
Sensory peptide/amino acid data ,261 ,Sweet peptide ,VGV ,273.3180 ,273.1570 
Sensory peptide/amino acid data ,262 ,Umami peptide ,VE ,246.2490 ,246.1100 
Sensory peptide/amino acid data ,263 ,Sour peptide ,VE ,246.2490 ,246.1100 
Sensory peptide/amino acid data ,264 ,Umami peptide ,VD ,232.2220 ,232.0949 
Sensory peptide/amino acid data ,265 ,Sour peptide ,VD ,232.2220 ,232.0949 
Sensory peptide/amino acid data ,266 ,Sour peptide ,DV ,232.2220 ,232.0949 
Sensory peptide/amino acid data ,267 ,Sour peptide ,EV ,246.2490 ,246.1100 
Sensory peptide/amino acid data ,268 ,Umami peptide ,KGDEESLA ,847.8660 ,847.3789 
Sensory peptide/amino acid data ,269 ,Sour peptide ,KGDEESLA ,847.8660 ,847.3789 
Sensory peptide/amino acid data ,272 ,Bitter peptide ,EI ,260.2760 ,260.1260 
Sensory peptide/amino acid data ,273 ,Bitter peptide ,EY ,310.2860 ,310.1050 
Sensory peptide/amino acid data ,274 ,Bitter peptide ,EF ,294.2930 ,294.1100 
Sensory peptide/amino acid data ,275 ,Salty peptide ,DDD ,363.2670 ,363.0807 
Sensory peptide/amino acid data ,276 ,Umami peptide ,DDD ,363.2670 ,363.0807 
Sensory peptide/amino acid data ,277 ,Umami peptide ,DDE ,377.2940 ,377.0958 
Sensory peptide/amino acid data ,278 ,Salty peptide ,DDE ,377.2940 ,377.0958 
Sensory peptide/amino acid data ,279 ,Salty peptide ,DED ,377.2940 ,377.0958 
Sensory peptide/amino acid data ,280 ,Umami peptide ,DED ,377.2940 ,377.0958 
Sensory peptide/amino acid data ,281 ,Umami peptide ,EDD ,377.2940 ,377.0958 
Sensory peptide/amino acid data ,282 ,Salty peptide ,EDD ,377.2940 ,377.0958 
Sensory peptide/amino acid data ,283 ,Salty peptide ,DEE ,391.3210 ,391.1109 
Sensory peptide/amino acid data ,284 ,Umami peptide ,DEE ,391.3210 ,391.1109 
Sensory peptide/amino acid data ,285 ,Sour peptide ,DEE ,391.3210 ,391.1109 
Sensory peptide/amino acid data ,286 ,Umami peptide ,EDE ,391.3210 ,391.1109 
Sensory peptide/amino acid data ,287 ,Salty peptide ,EDE ,391.3210 ,391.1109 
Sensory peptide/amino acid data ,288 ,Salty peptide ,EED ,391.3210 ,391.1109 
Sensory peptide/amino acid data ,289 ,Umami peptide ,EED ,391.3210 ,391.1109 
Sensory peptide/amino acid data ,290 ,Umami peptide ,EEE ,405.3480 ,405.1260 
Sensory peptide/amino acid data ,291 ,Salty peptide ,EEE ,405.3480 ,405.1260 
Sensory peptide/amino acid data ,292 ,sweet peptide ,KGD ,318.3150 ,318.1419 
Sensory peptide/amino acid data ,293 ,Bitter peptide ,SLA ,289.3190 ,289.1530 
Sensory peptide/amino acid data ,294 ,Umami peptide ,SLADEEKG ,847.8660 ,847.3789 
Sensory peptide/amino acid data ,295 ,Sour peptide ,SLADEEKG ,847.8660 ,847.3789 
Sensory peptide/amino acid data ,296 ,Sour peptide ,SLAKGDEE ,847.8660 ,847.3789 
Sensory peptide/amino acid data ,297 ,Umami peptide ,SLAKGDEE ,847.8660 ,847.3789 
Sensory peptide/amino acid data ,298 ,Sour peptide ,KGSLADEE ,847.8660 ,847.3789 
Sensory peptide/amino acid data ,299 ,Umami peptide ,KGSLADEE ,847.8660 ,847.3789 
Sensory peptide/amino acid data ,300 ,sweet peptide ,KGSLADEE ,847.8660 ,847.3789 
Sensory peptide/amino acid data ,301 ,Sour peptide ,KGDEE ,576.5470 ,576.2259 
Sensory peptide/amino acid data ,302 ,Salty peptide ,KGDEE ,576.5470 ,576.2259 
Sensory peptide/amino acid data ,303 ,sweet peptide ,KGDEE ,576.5470 ,576.2259 
Sensory peptide/amino acid data ,304 ,Sour peptide ,EEDGK ,576.5470 ,576.2259 
Sensory peptide/amino acid data ,305 ,Umami peptide ,EEDGK ,576.5470 ,576.2259 
Sensory peptide/amino acid data ,306 ,sweet peptide ,EEDGK ,576.5470 ,576.2259 
Sensory peptide/amino acid data ,308 ,Sweet peptide ,EV ,246.2490 ,246.1100 
Sensory peptide/amino acid data ,309 ,Umami peptide ,EV ,246.2490 ,246.1100 
Sensory peptide/amino acid data ,310 ,Sweet peptide ,ADE ,333.2840 ,333.1059 
Sensory peptide/amino acid data ,311 ,Sour peptide ,ADE ,333.2840 ,333.1059 
Sensory peptide/amino acid data ,312 ,Bitter peptide ,ADE ,333.2840 ,333.1059 
Sensory peptide/amino acid data ,313 ,Sour peptide ,AED ,333.2840 ,333.1059 
Sensory peptide/amino acid data ,314 ,Salty peptide ,DES ,349.2850 ,349.1009 
Sensory peptide/amino acid data ,315 ,Sour peptide ,DES ,349.2850 ,349.1009 
Sensory peptide/amino acid data ,316 ,Sour peptide ,EEN ,390.3360 ,390.1269 
Sensory peptide/amino acid data ,317 ,Bitter peptide ,EEN ,390.3360 ,390.1269 
Sensory peptide/amino acid data ,318 ,Sour peptide ,SPE ,331.3130 ,331.1260 
Sensory peptide/amino acid data ,319 ,Salty peptide ,SPE ,331.3130 ,331.1260 
Sensory peptide/amino acid data ,320 ,Sour peptide ,EPAD ,430.4010 ,430.1579 
Sensory peptide/amino acid data ,321 ,Bitter peptide ,EPAD ,430.4010 ,430.1579 
Sensory peptide/amino acid data ,322 ,Umami peptide ,EEL ,389.3920 ,389.1680 
Sensory peptide/amino acid data ,327 ,Umami peptide ,DES ,349.2850 ,349.1009 
Sensory peptide/amino acid data ,328 ,Bitter peptide ,VV ,216.2660 ,216.1360 
Sensory peptide/amino acid data ,329 ,Bitter peptide ,VG ,174.1850 ,174.0890 
Sensory peptide/amino acid data ,332 ,Umami peptide ,ES ,234.1960 ,234.0740 
Sensory peptide/amino acid data ,335 ,Umami peptide ,EGS ,291.2480 ,291.0950 
Sensory peptide/amino acid data ,337 ,Bitter peptide ,LW ,317.3730 ,317.1630 
Sensory peptide/amino acid data ,338 ,Bitter peptide ,WL ,317.3730 ,317.1630 
Sensory peptide/amino acid data ,339 ,Bitter peptide ,FW ,351.3900 ,351.1470 
Sensory peptide/amino acid data ,340 ,Bitter peptide ,WF ,351.3900 ,351.1470 
Sensory peptide/amino acid data ,341 ,Bitter peptide ,WP ,301.3300 ,301.1310 
Sensory peptide/amino acid data ,342 ,Bitter peptide ,WW ,390.4260 ,390.1580 
Sensory peptide/amino acid data ,343 ,Bitter peptide ,WWW ,576.6390 ,576.2370 
Sensory peptide/amino acid data ,344 ,Bitter peptide ,YPFPGPIHNS ,1128.2360 ,1127.5249 
Sensory peptide/amino acid data ,345 ,Bitter peptide ,LVYPFPGPIHN ,1253.4490 ,1252.6449 
Sensory peptide/amino acid data ,346 ,Bitter peptide ,IW ,317.3730 ,317.1630 
Sensory peptide/amino acid data ,347 ,Bitter peptide ,PL ,228.2770 ,228.1360 
Sensory peptide/amino acid data ,349 ,Umami peptide ,AE ,218.1950 ,218.0790 
Sensory peptide/amino acid data ,350 ,Umami peptide ,DA ,204.1680 ,204.0639 
Sensory peptide/amino acid data ,351 ,Umami peptide ,DG ,190.1410 ,190.0479 
Sensory peptide/amino acid data ,352 ,Bitter peptide ,DG ,190.1410 ,190.0479 
Sensory peptide/amino acid data ,353 ,Umami peptide ,DL ,246.2490 ,246.1109 
Sensory peptide/amino acid data ,354 ,Bitter peptide ,DV ,232.2220 ,232.0949 
Sensory peptide/amino acid data ,355 ,Bitter peptide ,EE ,276.2320 ,276.0840 
Sensory peptide/amino acid data ,356 ,Umami peptide ,EL ,260.2760 ,260.1260 
Sensory peptide/amino acid data ,357 ,Bitter peptide ,EV ,246.2490 ,246.1100 
Sensory peptide/amino acid data ,358 ,Umami peptide ,EG ,204.1680 ,204.0630 
Sensory peptide/amino acid data ,359 ,Bitter peptide ,ID ,246.2490 ,246.1109 
Sensory peptide/amino acid data ,360 ,Umami peptide ,GDG ,247.1930 ,247.0689 
Sensory peptide/amino acid data ,361 ,Umami peptide ,AEA ,289.2740 ,289.1160 
Sensory peptide/amino acid data ,362 ,Umami peptide ,EA ,218.1950 ,218.0790 
Sensory peptide/amino acid data ,363 ,Bitter peptide ,EA ,218.1950 ,218.0790 
Sensory peptide/amino acid data ,364 ,Umami peptide ,EK ,275.2900 ,275.1360 
Sensory peptide/amino acid data ,365 ,Umami peptide ,KG ,203.2260 ,203.1150 
Sensory peptide/amino acid data ,366 ,Bitter peptide ,KG ,203.2260 ,203.1150 
Sensory peptide/amino acid data ,369 ,Umami peptide ,CCNKSV ,686.4910 ,686.2369 
Sensory peptide/amino acid data ,370 ,Umami peptide ,AHSVRFY ,878.9690 ,878.4270 
Sensory peptide/amino acid data ,373 ,Umami peptide ,LPEEV ,585.6420 ,585.2880 
Sensory peptide/amino acid data ,375 ,Umami peptide ,AQALQAQA ,799.8690 ,799.4060 
Sensory peptide/amino acid data ,376 ,Umami peptide ,EQQQQ ,659.6400 ,659.2740 
Sensory peptide/amino acid data ,379 ,Bitter peptide ,GPFPVI ,628.7560 ,628.3450 
Sensory peptide/amino acid data ,380 ,Bitter peptide ,FFVAPFPEVFGK ,1384.6290 ,1383.7060 
Sensory peptide/amino acid data ,381 ,Bitter peptide ,LAGNQEEE ,888.8740 ,888.3689 
Sensory peptide/amino acid data ,382 ,Bitter peptide ,AQTQSLVYPFPGPIPNSLPQNIPPLTQ ,2918.3320 ,2916.5168 
Sensory peptide/amino acid data ,383 ,Bitter peptide ,EVLN ,473.5130 ,473.2369 
Sensory peptide/amino acid data ,384 ,Bitter peptide ,APFPEVF ,805.9160 ,805.3870 
Sensory peptide/amino acid data ,385 ,Bitter peptide ,VPPFLQ ,699.8350 ,699.3820 
Sensory peptide/amino acid data ,386 ,Bitter peptide ,YQQPVLGPVRGPFPII ,1781.1150 ,1779.9860 
Sensory peptide/amino acid data ,387 ,Bitter peptide ,FALPQYLK ,979.1680 ,978.5400 
Sensory peptide/amino acid data ,388 ,Bitter peptide ,NLQG ,430.4470 ,430.2059 
Sensory peptide/amino acid data ,389 ,Bitter peptide ,EQPQQNE ,871.8460 ,871.3529 
Sensory peptide/amino acid data ,390 ,Bitter peptide ,AGNPDIEHPE ,1078.0920 ,1077.4578 
Sensory peptide/amino acid data ,391 ,Bitter peptide ,GNPDIEHP ,877.8970 ,877.3788 
Sensory peptide/amino acid data ,392 ,Bitter peptide ,NALPE ,542.5760 ,542.2579 
Sensory peptide/amino acid data ,393 ,Bitter peptide ,NNEDT ,591.5180 ,591.2017 
Sensory peptide/amino acid data ,394 ,Bitter peptide ,SAEFG ,509.5040 ,509.2000 
Sensory peptide/amino acid data ,395 ,Bitter peptide ,EQGGEQG ,703.6500 ,703.2630 
Sensory peptide/amino acid data ,396 ,Bitter peptide ,ALEPDHR ,836.8910 ,836.4009 
Sensory peptide/amino acid data ,397 ,Bitter peptide ,NALEPDHRVE ,1179.2440 ,1178.5538 
Sensory peptide/amino acid data ,398 ,Bitter peptide ,GKHQQEEENEGG ,1341.3020 ,1340.5419 
Sensory peptide/amino acid data ,399 ,Bitter peptide ,KLHENIAR ,980.1230 ,979.5429 
Sensory peptide/amino acid data ,400 ,Bitter peptide ,GMIYPG ,636.7490 ,636.2814 
Sensory peptide/amino acid data ,401 ,Bitter peptide ,YEGNS ,568.5220 ,568.2009 
Sensory peptide/amino acid data ,402 ,Bitter peptide ,IGTLAGA ,601.6870 ,601.3310 
Sensory peptide/amino acid data ,403 ,Bitter peptide ,NFNNQLDQQTPR ,1474.5410 ,1473.6816 
Sensory peptide/amino acid data ,404 ,Bitter peptide ,VVYPWTQRF ,1195.3670 ,1194.6040 
Sensory peptide/amino acid data ,405 ,Bitter peptide ,NENLL ,601.6440 ,601.2958 
Sensory peptide/amino acid data ,406 ,Umami peptide ,ET ,248.2210 ,248.0890 
Sensory peptide/amino acid data ,407 ,Umami peptide ,TE ,248.2210 ,248.0890 
Sensory peptide/amino acid data ,408 ,Umami peptide ,DEL ,375.3650 ,375.1529 
Sensory peptide/amino acid data ,409 ,Umami peptide ,ADA ,275.2470 ,275.1009 
Sensory peptide/amino acid data ,410 ,Umami peptide ,EDF ,409.3820 ,409.1369 
Sensory peptide/amino acid data ,411 ,Umami peptide ,EDV ,361.3380 ,361.1369 
Sensory peptide/amino acid data ,412 ,Umami peptide ,SEE ,363.3120 ,363.1160 
Sensory peptide/amino acid data ,413 ,Umami peptide ,EY ,310.2860 ,310.1050 
Sensory peptide/amino acid data ,427 ,Bitter peptide ,RPKHPIKHQ ,1140.3450 ,1139.6510 
Sensory peptide/amino acid data ,428 ,Umami peptide ,SSRNEQSR ,962.9670 ,962.4409 
Sensory peptide/amino acid data ,430 ,Salty peptide ,DEKR ,546.5670 ,546.2639 
Sensory peptide/amino acid data ,431 ,Bitter peptide ,APFPEVFG ,862.9680 ,862.4080 
Sensory peptide/amino acid data ,432 ,Bitter peptide ,YQQPVLGPVRGPFPI ,1667.9550 ,1666.9020 
Sensory peptide/amino acid data ,433 ,Bitter peptide ,YQQPVLGPVRGPFPIIV ,1880.2480 ,1879.0540 
Sensory peptide/amino acid data ,434 ,Bitter peptide ,QNDKIHPFAQTQSLVYPFGPIP ,2497.8230 ,2496.2598 
Sensory peptide/amino acid data ,435 ,Bitter peptide ,QNDKIHPFAQTQSLVYPFGPIPNSLPQNIPPLTQTPVVV ,4296.9300 ,4294.2516 
Sensory peptide/amino acid data ,436 ,Bitter peptide ,PFPGPIPNS ,925.0410 ,924.4559 
Sensory peptide/amino acid data ,437 ,Bitter peptide ,LRP ,384.4650 ,384.2370 
Sensory peptide/amino acid data ,438 ,Bitter peptide ,YLGYLEQLLR ,1267.4670 ,1266.6840 
Sensory peptide/amino acid data ,439 ,Bitter peptide ,LGYLEQLL ,948.1090 ,947.5200 
Sensory peptide/amino acid data ,440 ,Bitter peptide ,YLEQLLR ,934.0850 ,933.5160 
Sensory peptide/amino acid data ,441 ,Bitter peptide ,LEQLL ,614.7270 ,614.3520 
Sensory peptide/amino acid data ,442 ,Bitter peptide ,LRL ,400.5080 ,400.2690 
Sensory peptide/amino acid data ,443 ,Bitter peptide ,AYFYPEL ,901.9890 ,901.4090 
Sensory peptide/amino acid data ,444 ,Bitter peptide ,FYPELF ,814.9170 ,814.3770 
Sensory peptide/amino acid data ,445 ,Bitter peptide ,FYPELFR ,971.1050 ,970.4780 
Sensory peptide/amino acid data ,446 ,Bitter peptide ,VPLGTQYTDAPSF ,1395.5150 ,1394.6559 
Sensory peptide/amino acid data ,447 ,Bitter peptide ,FYPE ,554.5800 ,554.2250 
Sensory peptide/amino acid data ,448 ,Bitter peptide ,QDKIHPFAQTQSLVYPFPGP ,2270.5590 ,2269.1329 
Sensory peptide/amino acid data ,449 ,Umami peptide ,AD ,204.1680 ,204.0639 
Sensory peptide/amino acid data ,450 ,Bitter peptide ,VPPFLE ,700.8200 ,700.3660 
Sensory peptide/amino acid data ,451 ,Bitter peptide ,APK ,314.3700 ,314.1830 
Sensory peptide/amino acid data ,453 ,Bitter peptide ,TDVENLHLPPLL ,1360.5630 ,1359.7248 
Sensory peptide/amino acid data ,454 ,Bitter peptide ,QSKVLPVPQ ,995.1760 ,994.5660 
Sensory peptide/amino acid data ,455 ,Bitter peptide ,KAVPYPPQ ,899.0380 ,898.4760 
Sensory peptide/amino acid data ,456 ,Bitter peptide ,RDMPIQAFLLY ,1366.6290 ,1365.6983 
Sensory peptide/amino acid data ,457 ,Bitter peptide ,FLL ,391.4970 ,391.2360 
Sensory peptide/amino acid data ,458 ,Bitter peptide ,QQPVLGPVRGPFPI ,1504.7850 ,1503.8390 
Sensory peptide/amino acid data ,459 ,Bitter peptide ,QPVLGPVRGPFPIIV ,1588.9470 ,1587.9330 
Sensory peptide/amino acid data ,460 ,Bitter peptide ,GPFPIIV ,741.9160 ,741.4290 
Sensory peptide/amino acid data ,461 ,Bitter peptide ,GPFPII ,642.7830 ,642.3610 
Sensory peptide/amino acid data ,462 ,Bitter peptide ,VA ,188.2120 ,188.1050 
Sensory peptide/amino acid data ,463 ,Bitter peptide ,VVVPPFL ,769.9700 ,769.4600 
Sensory peptide/amino acid data ,464 ,Bitter peptide ,VVVPPFLQP ,995.2180 ,994.5700 
Sensory peptide/amino acid data ,465 ,Bitter peptide ,QLFNPS ,704.7690 ,704.3369 
Sensory peptide/amino acid data ,466 ,Bitter peptide ,LA ,202.2390 ,202.1210 
Sensory peptide/amino acid data ,467 ,Bitter peptide ,QLFNPSTNP ,1017.0950 ,1016.4788 
Sensory peptide/amino acid data ,468 ,Bitter peptide ,QLFNPSTNPWH  ,1340.4500 ,1339.6158 
Sensory peptide/amino acid data ,469 ,Bitter peptide ,QLFNPSTNPWHSP  ,1524.6470 ,1523.6998 
Sensory peptide/amino acid data ,470 ,Bitter peptide ,QLFGPNVNPWHNP  ,1519.6710 ,1518.7207 
Sensory peptide/amino acid data ,471 ,Astringent peptide ,QLFNPS  ,704.7690 ,704.3369 
Sensory peptide/amino acid data ,472 ,Bitter peptide ,PA ,186.1960 ,186.0890 
Sensory peptide/amino acid data ,473 ,Bitter peptide ,MPFPKYPVEPF ,1351.6130 ,1350.6514 
Sensory peptide/amino acid data ,474 ,Bitter peptide ,GPVRGPFPIIV ,1151.4060 ,1150.6710 
Sensory peptide/amino acid data ,475 ,Bitter peptide ,MAPKHKEMPFPKYPVEPF ,2173.6130 ,2172.0688 
Sensory peptide/amino acid data ,476 ,Bitter peptide ,APKHKEMPFPKYPVEPF ,2042.4150 ,2041.0284 
Sensory peptide/amino acid data ,477 ,Bitter peptide ,YQEPVLGPVRGPFPI ,1668.9400 ,1667.8860 
Sensory peptide/amino acid data ,478 ,Bitter peptide ,FY ,328.3470 ,328.1310 
Sensory peptide/amino acid data ,479 ,Bitter peptide ,GLY ,351.3820 ,351.1680 
Sensory peptide/amino acid data ,480 ,Bitter peptide ,DY ,296.2590 ,296.0899 
Sensory peptide/amino acid data ,481 ,Bitter peptide ,PG ,172.1690 ,172.0730 
Sensory peptide/amino acid data ,482 ,Bitter peptide ,LY ,294.3300 ,294.1470 
Sensory peptide/amino acid data ,483 ,Kokumi peptide ,VPA ,285.3290 ,285.1570 
Sensory peptide/amino acid data ,484 ,Bitter peptide ,YL ,294.3300 ,294.1470 
Sensory peptide/amino acid data ,485 ,Bitter peptide ,RL ,287.3480 ,287.1850 
Sensory peptide/amino acid data ,486 ,Bitter peptide ,IA ,202.2390 ,202.1210 
Sensory peptide/amino acid data ,487 ,Bitter peptide ,IE ,260.2760 ,260.1260 
Sensory peptide/amino acid data ,488 ,Bitter peptide ,IN ,245.2640 ,245.1269 
Sensory peptide/amino acid data ,489 ,Bitter peptide ,IP ,228.2770 ,228.1360 
Sensory peptide/amino acid data ,490 ,Bitter peptide ,IQ ,259.2910 ,259.1420 
Sensory peptide/amino acid data ,491 ,Bitter peptide ,PY ,278.2870 ,278.1150 
Sensory peptide/amino acid data ,492 ,Bitter peptide ,SL ,218.2400 ,218.1160 
Sensory peptide/amino acid data ,493 ,Umami peptide ,VE ,246.2490 ,246.1100 
Sensory peptide/amino acid data ,494 ,Bitter peptide ,LQL ,372.4510 ,372.2260 
Sensory peptide/amino acid data ,497 ,Umami peptide ,IPIPATKT ,840.0170 ,839.4970 
Sensory peptide/amino acid data ,498 ,Umami peptide ,PVARMCR ,848.9030 ,848.3994 
Sensory peptide/amino acid data ,499 ,Umami peptide ,YGGTPPFV ,836.9230 ,836.3920 
