,PepName,Biopeptides_Taste,My_Taste,¼ÇÂ¼
0,DA,"['Bitter', 'Umami']",Umami,6
1,DL,"['Bitter', 'Umami']",Umami,
2,EG,"['Bitter', 'Umami']",Umami,
3,EL,"['Bitter', 'Umami']",Umami,
4,DD,"['Salty', 'Sour', 'Umami']",Umami,
5,DE,"['Salty', 'Sour', 'Umami']",Umami,
6,ED,"['Salty', 'Sour', 'Umami']",Umami,
7,EE,"['Bitter', 'Salty', 'Umami']",Umami,
8,EV,"['Bitter', 'Sour', 'Sweet', 'Umami']","Sweet,Umami",
9,KGDEESLA,"['Sour', 'Umami']",Umami,
10,EY,"['Bitter', 'Umami']",Umami,
11,DDD,"['Salty', 'Umami']",Umami,
12,DDE,"['Salty', 'Umami']",Umami,
13,DED,"['Salty', 'Umami']",Umami,
14,EDD,"['Salty', 'Umami']",Umami,
15,DEE,"['Salty', 'Sour', 'Umami']",Umami,
16,EDE,"['Salty', 'Umami']",Umami,
17,EED,"['Salty', 'Umami']",Umami,
18,EEE,"['Salty', 'Umami']",Umami,
19,SLADEEKG,"['Sour', 'Umami']",Umami,
20,SLAKGDEE,"['Sour', 'Umami']",Umami,
21,KGSLADEE,"['Sour', 'Umami', 'sweet']",Umami,
22,KGDEE,"['Salty', 'Sour', 'sweet']",Umami,
23,EEDGK,"['Sour', 'Umami', 'sweet']",Umami,
24,ADE,"['Bitter', 'Sour', 'Sweet']",Umami,BiopeptidesÊÇ´íÎóµÄ
25,AED,['Sour'],Umami,
26,DES,"['Salty', 'Sour', 'Umami']",Umami,
27,SPE,"['Salty', 'Sour']",Umami,
28,EA,"['Bitter', 'Umami']",Umami,
29,KG,"['Bitter', 'Umami']",Umami,
30,RL,['Bitter'],Umami,
