,PepName,Biopeptides_Taste
0,RPF,['Bitter']
1,GGY,['Bitter']
2,YYY,['Bitter']
3,FV,['Bitter']
4,PGI,['Bitter']
5,GGRPFF,['Bitter']
6,VE,"['Bitter', 'Umami', 'Sour', 'Umami']"
7,LE,['Bitter']
8,VD,"['Bitter', 'Umami', 'Sour']"
9,GE,['Bitter']
10,AD,"['Bitter', 'Umami']"
11,LV,['Bitter']
12,YQEPVLGPVRGPFPIIV,['Bitter']
13,AA,['Sweet']
14,AGG,['Sweet']
15,GAG,['Sweet']
16,GGA,['Sweet']
17,AAG,['Sweet']
18,AGA,['Sweet']
19,GAA,['Sweet']
20,AAA,['Sweet']
21,VG,"['Umami', 'Bitter']"
22,VV,"['Umami', 'Bitter']"
23,VGV,['Sweet']
24,DV,"['Sour', 'Bitter']"
25,EI,['Bitter']
26,EF,['Bitter']
27,KGD,['sweet']
28,SLA,['Bitter']
29,EEN,"['Sour', 'Bitter']"
30,EPAD,"['Sour', 'Bitter']"
31,WL,['Bitter']
32,WF,['Bitter']
33,WP,['Bitter']
34,WWW,['Bitter']
35,YPFPGPIHNS,['Bitter']
36,LVYPFPGPIHN,['Bitter']
37,DG,"['Umami', 'Bitter']"
38,GPFPVI,['Bitter']
39,FFVAPFPEVFGK,['Bitter']
40,LAGNQEEE,['Bitter']
41,AQTQSLVYPFPGPIPNSLPQNIPPLTQ,['Bitter']
42,EVLN,['Bitter']
43,APFPEVF,['Bitter']
44,VPPFLQ,['Bitter']
45,YQQPVLGPVRGPFPII,['Bitter']
46,FALPQYLK,['Bitter']
47,NLQG,['Bitter']
48,EQPQQNE,['Bitter']
49,AGNPDIEHPE,['Bitter']
50,GNPDIEHP,['Bitter']
51,NALPE,['Bitter']
52,NNEDT,['Bitter']
53,SAEFG,['Bitter']
54,EQGGEQG,['Bitter']
55,ALEPDHR,['Bitter']
56,NALEPDHRVE,['Bitter']
57,GKHQQEEENEGG,['Bitter']
58,KLHENIAR,['Bitter']
59,GMIYPG,['Bitter']
60,YEGNS,['Bitter']
61,IGTLAGA,['Bitter']
62,NFNNQLDQQTPR,['Bitter']
63,VVYPWTQRF,['Bitter']
64,NENLL,['Bitter']
65,RPKHPIKHQ,['Bitter']
66,SSRNEQSR,['Umami']
67,DEKR,['Salty']
68,APFPEVFG,['Bitter']
69,YQQPVLGPVRGPFPI,['Bitter']
70,YQQPVLGPVRGPFPIIV,['Bitter']
71,QNDKIHPFAQTQSLVYPFGPIP,['Bitter']
72,QNDKIHPFAQTQSLVYPFGPIPNSLPQNIPPLTQTPVVV,['Bitter']
73,PFPGPIPNS,['Bitter']
74,LRP,['Bitter']
75,YLGYLEQLLR,['Bitter']
76,LGYLEQLL,['Bitter']
77,YLEQLLR,['Bitter']
78,LEQLL,['Bitter']
79,LRL,['Bitter']
80,AYFYPEL,['Bitter']
81,FYPELF,['Bitter']
82,FYPELFR,['Bitter']
83,VPLGTQYTDAPSF,['Bitter']
84,FYPE,['Bitter']
85,QDKIHPFAQTQSLVYPFPGP,['Bitter']
86,VPPFLE,['Bitter']
87,APK,['Bitter']
88,TDVENLHLPPLL,['Bitter']
89,QSKVLPVPQ,['Bitter']
90,KAVPYPPQ,['Bitter']
91,RDMPIQAFLLY,['Bitter']
92,FLL,['Bitter']
93,QQPVLGPVRGPFPI,['Bitter']
94,QPVLGPVRGPFPIIV,['Bitter']
95,GPFPIIV,['Bitter']
96,GPFPII,['Bitter']
97,VVVPPFL,['Bitter']
98,VVVPPFLQP,['Bitter']
99,QLFNPS,"['Bitter', 'Astringent']"
100,QLFNPSTNP,['Bitter']
101,QLFNPSTNPWH,['Bitter']
102,QLFNPSTNPWHSP,['Bitter']
103,QLFGPNVNPWHNP,['Bitter']
104,MPFPKYPVEPF,['Bitter']
105,GPVRGPFPIIV,['Bitter']
106,MAPKHKEMPFPKYPVEPF,['Bitter']
107,APKHKEMPFPKYPVEPF,['Bitter']
108,YQEPVLGPVRGPFPI,['Bitter']
109,GLY,['Bitter']
110,DY,['Bitter']
111,PG,['Bitter']
112,VPA,['Kokumi']
113,IA,['Bitter']
114,LQL,['Bitter']
